INSERT INTO `t_business` (`c_id`, `c_name`, `c_display_name`, `c_create_user`, `c_create_time`, `c_modify_user`, `c_modify_time`, `c_memo`, `c_is_custom`) VALUES ('2c913f795c19835c015c1984231c0000', 'ruijie', '锐捷网络', 'default', '2017-04-17 11:17:36', NULL, NULL, '默认数据', '1');
INSERT INTO `t_user` (`c_id`, `c_name`, `c_display_name`, `c_status`, `c_modify_user`, `c_create_user`, `c_create_time`, `c_modify_time`, `c_account`, `c_password`, `c_sex`, `c_icon`, `c_email`, `c_phone`, `c_is_custom`, `c_memo`, `c_business_id`) VALUES ('1c793bb7-da3c-4eb4-b94c-0030246adc95', 'admin', '超级管理员', '1', NULL, NULL, '2017-03-17 15:52:36', NULL, 'admin', '27f962a0bbc7c0bc129fdcf6559cfae6', 'Male', NULL, NULL, NULL, '0', '手工录入', '2c913f795c19835c015c1984231c0000');
INSERT INTO `t_function` (`c_id`, `c_name`, `c_display_name`, `c_status`, `c_modify_user`, `c_create_user`, `c_create_time`, `c_modify_time`, `c_parent`, `c_icon`, `c_url`, `c_code`, `c_index`, `c_is_custom`, `c_memo`) VALUES ('2c9083b75baeba30015baecd74740001', 'homes', '首页', NULL, NULL, '1c793bb7-da3c-4eb4-b94c-0030246adc95', '2017-04-27 17:45:52', NULL, NULL, 'home', '/homes', NULL, '1', '0', '初始化数据');
INSERT INTO `t_function` (`c_id`, `c_name`, `c_display_name`, `c_status`, `c_modify_user`, `c_create_user`, `c_create_time`, `c_modify_time`, `c_parent`, `c_icon`, `c_url`, `c_code`, `c_index`, `c_is_custom`, `c_memo`) VALUES ('2c9083b75baeba30015baecd74740000', 'businesss', '企业管理', NULL, NULL, '1c793bb7-da3c-4eb4-b94c-0030246adc95', '2017-04-27 17:45:52', NULL, NULL, 'appstore-o', '/businesss', 'businessswitchs', '2', '0', '初始化数据');
INSERT INTO `t_function` (`c_id`, `c_name`, `c_display_name`, `c_status`, `c_modify_user`, `c_create_user`, `c_create_time`, `c_modify_time`, `c_parent`, `c_icon`, `c_url`, `c_code`, `c_index`, `c_is_custom`, `c_memo`) VALUES ('2c9083b75baeba30015baece6e740002', 'functions', '菜单管理', NULL, NULL, '1c793bb7-da3c-4eb4-b94c-0030246adc95', '2017-04-27 17:46:56', NULL, NULL, 'solution', '/functions', NULL, '3', '0', '初始化数据');
INSERT INTO `t_function` (`c_id`, `c_name`, `c_display_name`, `c_status`, `c_modify_user`, `c_create_user`, `c_create_time`, `c_modify_time`, `c_parent`, `c_icon`, `c_url`, `c_code`, `c_index`, `c_is_custom`, `c_memo`) VALUES ('2c913f795b9f48c5015b9f4932340000', 'users', '用户管理', NULL, '1c793bb7-da3c-4eb4-b94c-0030246adc95', '1c793bb7-da3c-4eb4-b94c-0030246adc95', '2017-04-24 17:27:06', '2017-04-27 17:47:29', NULL, 'user', '/users', NULL, '4', '0', '初始化数据');
INSERT INTO `t_function` (`c_id`, `c_name`, `c_display_name`, `c_status`, `c_modify_user`, `c_create_user`, `c_create_time`, `c_modify_time`, `c_parent`, `c_icon`, `c_url`, `c_code`, `c_index`, `c_is_custom`, `c_memo`) VALUES ('ff8080815bae5670015bae62f88b0000', 'roles', '角色管理', NULL, '1c793bb7-da3c-4eb4-b94c-0030246adc95', '1c793bb7-da3c-4eb4-b94c-0030246adc95', '2017-04-27 15:49:33', '2017-04-27 17:47:21', NULL, 'team', '/roles', 'rolefunctionrels,roleuserrels', '5', '0', '初始化数据');
INSERT INTO `t_function` (`c_id`, `c_name`, `c_display_name`, `c_status`, `c_modify_user`, `c_create_user`, `c_create_time`, `c_modify_time`, `c_parent`, `c_icon`, `c_url`, `c_code`, `c_index`, `c_is_custom`, `c_memo`) VALUES ('ff8080815bae5670015bae62f88b0001', 'wxapps', '应用管理', NULL, NULL, NULL, NULL, NULL, NULL, 'appstore', '/wxapps', NULL, '6', '0', '初始化数据');
INSERT INTO `t_function` (`c_id`, `c_name`, `c_display_name`, `c_status`, `c_modify_user`, `c_create_user`, `c_create_time`, `c_modify_time`, `c_parent`, `c_icon`, `c_url`, `c_code`, `c_index`, `c_is_custom`, `c_memo`) VALUES ('ff8080815bae5670015bae62f88b0002', 'templates', '消息模板', NULL, NULL, NULL, NULL, NULL, NULL, 'message', '/templates', NULL, '7', '0', '初始化数据');
INSERT INTO `t_function` (`c_id`, `c_name`, `c_display_name`, `c_status`, `c_modify_user`, `c_create_user`, `c_create_time`, `c_modify_time`, `c_parent`, `c_icon`, `c_url`, `c_code`, `c_index`, `c_is_custom`, `c_memo`) VALUES ('ff8080815bae5670015bae62f88b0003', 'messages', '推送记录', NULL, NULL, NULL, NULL, NULL, NULL, 'file-text', '/messages', NULL, '8', '0', '初始化数据');
INSERT INTO `t_function` (`c_id`, `c_name`, `c_display_name`, `c_status`, `c_modify_user`, `c_create_user`, `c_create_time`, `c_modify_time`, `c_parent`, `c_icon`, `c_url`, `c_code`, `c_index`, `c_is_custom`, `c_memo`) VALUES ('ff8080815bae5670015bae62f88b0004', 'dictionarys', '数据字典', NULL, NULL, NULL, NULL, NULL, NULL, 'tool', '/dictionarys', NULL, '9', '0', '初始化数据');

INSERT INTO `t_role` (`c_id`, `c_name`, `c_display_name`, `c_status`, `c_modify_user`, `c_create_user`, `c_create_time`, `c_modify_time`, `c_is_custom`, `c_memo`) VALUES ('2c9083b75bad59fc015bae0a660f0001', 'superAdminRole', '超级管理员', NULL, NULL, '1c793bb7-da3c-4eb4-b94c-0030246adc95', '2017-04-27 14:12:49', NULL, '0', '初始化数据');
INSERT INTO `t_role_function_rel` (`c_id`, `c_role_id`, `c_function_id`, `c_permissions`) VALUES ('2c913f795baed1d2015baed3cff60001', '2c9083b75bad59fc015bae0a660f0001', '2c9083b75baeba30015baecd74740001', '15');
INSERT INTO `t_role_function_rel` (`c_id`, `c_role_id`, `c_function_id`, `c_permissions`) VALUES ('2c913f795baed1d2015baed3cff60002', '2c9083b75bad59fc015bae0a660f0001', '2c9083b75baeba30015baecd74740000', '15');
INSERT INTO `t_role_function_rel` (`c_id`, `c_role_id`, `c_function_id`, `c_permissions`) VALUES ('2c913f795baed1d2015baed45fc80004', '2c9083b75bad59fc015bae0a660f0001', '2c9083b75baeba30015baece6e740002', '15');
INSERT INTO `t_role_function_rel` (`c_id`, `c_role_id`, `c_function_id`, `c_permissions`) VALUES ('2c913f795baed1d2015baed508b60005', '2c9083b75bad59fc015bae0a660f0001', '2c913f795b9f48c5015b9f4932340000', '15');
INSERT INTO `t_role_function_rel` (`c_id`, `c_role_id`, `c_function_id`, `c_permissions`) VALUES ('2c913f795baed1d2015baed551a70006', '2c9083b75bad59fc015bae0a660f0001', 'ff8080815bae5670015bae62f88b0000', '15');
INSERT INTO `t_role_function_rel` (`c_id`, `c_role_id`, `c_function_id`, `c_permissions`) VALUES ('2c913f795baed1d2015baed551a70007', '2c9083b75bad59fc015bae0a660f0001', 'ff8080815bae5670015bae62f88b0001', '15');
INSERT INTO `t_role_function_rel` (`c_id`, `c_role_id`, `c_function_id`, `c_permissions`) VALUES ('2c913f795baed1d2015baed551a70008', '2c9083b75bad59fc015bae0a660f0001', 'ff8080815bae5670015bae62f88b0002', '15');
INSERT INTO `t_role_function_rel` (`c_id`, `c_role_id`, `c_function_id`, `c_permissions`) VALUES ('2c913f795baed1d2015baed551a70009', '2c9083b75bad59fc015bae0a660f0001', 'ff8080815bae5670015bae62f88b0003', '15');
INSERT INTO `t_role_function_rel` (`c_id`, `c_role_id`, `c_function_id`, `c_permissions`) VALUES ('2c913f795baed1d2015baed551a70013', '2c9083b75bad59fc015bae0a660f0001', 'ff8080815bae5670015bae62f88b0004', '15');
INSERT INTO `t_role_user_rel` (`c_id`, `c_role_id`, `c_user_id`, `c_business_id`) VALUES ('2c913f795b9f48c5015b9f58933a0005', '2c9083b75bad59fc015bae0a660f0001', '1c793bb7-da3c-4eb4-b94c-0030246adc95', '2c913f795c19835c015c1984231c0000');

INSERT INTO `t_role` (`c_id`, `c_name`, `c_display_name`, `c_status`, `c_modify_user`, `c_create_user`, `c_create_time`, `c_modify_time`, `c_is_custom`, `c_memo`) VALUES ('2c9083b75c1a03e6015c1a5d71440001', 'adminRole', '管理员', NULL, NULL, '1c793bb7-da3c-4eb4-b94c-0030246adc95', '2017-05-18 15:02:30', NULL, '0', '默认数据');
INSERT INTO `t_role_function_rel` (`c_id`, `c_role_id`, `c_function_id`, `c_permissions`) VALUES ('2c913f795baed1d2015baed3cff60000', '2c9083b75c1a03e6015c1a5d71440001', '2c9083b75baeba30015baecd74740001', '15');
INSERT INTO `t_role_function_rel` (`c_id`, `c_role_id`, `c_function_id`, `c_permissions`) VALUES ('2c913f795baed1d2015baed3cff60003', '2c9083b75c1a03e6015c1a5d71440001', '2c9083b75baeba30015baecd74740000', '1');
INSERT INTO `t_role_function_rel` (`c_id`, `c_role_id`, `c_function_id`, `c_permissions`) VALUES ('2c913f795baed1d2015baed3cff60234', '2c9083b75c1a03e6015c1a5d71440001', '2c9083b75baeba30015baece6e740002', '1');
INSERT INTO `t_role_function_rel` (`c_id`, `c_role_id`, `c_function_id`, `c_permissions`) VALUES ('2c913f795baed1d2015baed508b60003', '2c9083b75c1a03e6015c1a5d71440001', '2c913f795b9f48c5015b9f4932340000', '15');
INSERT INTO `t_role_function_rel` (`c_id`, `c_role_id`, `c_function_id`, `c_permissions`) VALUES ('2c913f795baed1d2015baed551a70010', '2c9083b75c1a03e6015c1a5d71440001', 'ff8080815bae5670015bae62f88b0001', '15');
INSERT INTO `t_role_function_rel` (`c_id`, `c_role_id`, `c_function_id`, `c_permissions`) VALUES ('2c913f795baed1d2015baed551a70011', '2c9083b75c1a03e6015c1a5d71440001', 'ff8080815bae5670015bae62f88b0002', '15');
INSERT INTO `t_role_function_rel` (`c_id`, `c_role_id`, `c_function_id`, `c_permissions`) VALUES ('2c913f795baed1d2015baed551a70012', '2c9083b75c1a03e6015c1a5d71440001', 'ff8080815bae5670015bae62f88b0003', '15');
INSERT INTO `t_role_function_rel` (`c_id`, `c_role_id`, `c_function_id`, `c_permissions`) VALUES ('2c913f795baed1d2015baed551a70014', '2c9083b75c1a03e6015c1a5d71440001', 'ff8080815bae5670015bae62f88b0003', '1')
